--
-- PostgreSQL database dump
--

-- Dumped from database version 9.5.14
-- Dumped by pg_dump version 9.5.14

SET statement_timeout = 0;
SET lock_timeout = 0;
SET client_encoding = 'UTF8';
SET standard_conforming_strings = on;
SELECT pg_catalog.set_config('search_path', '', false);
SET check_function_bodies = false;
SET client_min_messages = warning;
SET row_security = off;

--
-- Name: plpgsql; Type: EXTENSION; Schema: -; Owner: 
--

CREATE EXTENSION IF NOT EXISTS plpgsql WITH SCHEMA pg_catalog;


--
-- Name: EXTENSION plpgsql; Type: COMMENT; Schema: -; Owner: 
--

COMMENT ON EXTENSION plpgsql IS 'PL/pgSQL procedural language';


--
-- Name: lista_update(); Type: FUNCTION; Schema: public; Owner: sii_admin
--

CREATE FUNCTION public.lista_update() RETURNS trigger
    LANGUAGE plpgsql
    AS $$
BEGIN
 update lista set promedio=(new.calificacion1+new.calificacion2+new.calificacion3+new.calificacion4)/4 where idgroup=old.idgroup;
 RETURN NEW;
END;
$$;


ALTER FUNCTION public.lista_update() OWNER TO sii_admin;

SET default_tablespace = '';

SET default_with_oids = false;

--
-- Name: binnacle; Type: TABLE; Schema: public; Owner: sii_admin
--

CREATE TABLE public.binnacle (
    username character varying(15),
    startdate timestamp without time zone,
    finaldate timestamp without time zone,
    token character(32),
    ip character varying(32)
);


ALTER TABLE public.binnacle OWNER TO sii_admin;

--
-- Name: career; Type: TABLE; Schema: public; Owner: sii_admin
--

CREATE TABLE public.career (
    idcareer integer NOT NULL,
    name character varying(60),
    iddepartment integer
);


ALTER TABLE public.career OWNER TO sii_admin;

--
-- Name: department; Type: TABLE; Schema: public; Owner: sii_admin
--

CREATE TABLE public.department (
    iddepartment integer NOT NULL,
    idteacher integer,
    description character varying,
    idcareer integer
);


ALTER TABLE public.department OWNER TO sii_admin;

--
-- Name: groups; Type: TABLE; Schema: public; Owner: sii_admin
--

CREATE TABLE public.groups (
    idgroup integer NOT NULL,
    keymatter integer,
    idteacher integer
);


ALTER TABLE public.groups OWNER TO sii_admin;

--
-- Name: id_student_seq; Type: SEQUENCE; Schema: public; Owner: sii_admin
--

CREATE SEQUENCE public.id_student_seq
    START WITH 8
    INCREMENT BY 1
    NO MINVALUE
    NO MAXVALUE
    CACHE 1;


ALTER TABLE public.id_student_seq OWNER TO sii_admin;

--
-- Name: kardex; Type: TABLE; Schema: public; Owner: sii_admin
--

CREATE TABLE public.kardex (
    idoportunity integer NOT NULL,
    keymatter integer NOT NULL,
    idstudent integer NOT NULL,
    qualification integer NOT NULL,
    semester integer NOT NULL
);


ALTER TABLE public.kardex OWNER TO sii_admin;

--
-- Name: lista; Type: TABLE; Schema: public; Owner: sii_admin
--

CREATE TABLE public.lista (
    idstudent integer NOT NULL,
    idgroup integer NOT NULL,
    period character varying(30) NOT NULL,
    calificacion1 integer,
    calificacion2 integer,
    calificacion3 integer,
    calificacion4 integer,
    promedio integer
);


ALTER TABLE public.lista OWNER TO sii_admin;

--
-- Name: matter; Type: TABLE; Schema: public; Owner: sii_admin
--

CREATE TABLE public.matter (
    keymatter integer NOT NULL,
    name character varying(60)
);


ALTER TABLE public.matter OWNER TO sii_admin;

--
-- Name: oportunity; Type: TABLE; Schema: public; Owner: sii_admin
--

CREATE TABLE public.oportunity (
    idoportunity integer NOT NULL,
    description character varying(100)
);


ALTER TABLE public.oportunity OWNER TO sii_admin;

--
-- Name: student; Type: TABLE; Schema: public; Owner: sii_admin
--

CREATE TABLE public.student (
    idstudent integer DEFAULT nextval('public.id_student_seq'::regclass) NOT NULL,
    name character varying(60),
    father_lastname character varying(50),
    mother_lastname character varying(50),
    email character varying(100),
    nocontrol character(8),
    idcareer integer,
    image character varying(500)
);


ALTER TABLE public.student OWNER TO sii_admin;

--
-- Name: teacher; Type: TABLE; Schema: public; Owner: sii_admin
--

CREATE TABLE public.teacher (
    idteacher integer NOT NULL,
    name character varying(50),
    father_lastname character varying(50),
    mother_lastname character varying(50),
    email character varying(50),
    nocontrol character(8),
    iddepartment integer
);


ALTER TABLE public.teacher OWNER TO sii_admin;

--
-- Name: users; Type: TABLE; Schema: public; Owner: sii_admin
--

CREATE TABLE public.users (
    iduser integer NOT NULL,
    username character varying(30),
    password character(32),
    id_student integer
);


ALTER TABLE public.users OWNER TO sii_admin;

--
-- Data for Name: binnacle; Type: TABLE DATA; Schema: public; Owner: sii_admin
--

COPY public.binnacle (username, startdate, finaldate, token, ip) FROM stdin;
israel	2018-09-14 00:42:38.698015	2018-09-14 01:12:38.698015	f0d6121ee4a84f68fe8d44959d179772	\N
israel	2018-09-14 00:42:42.241339	2018-09-14 01:12:42.241339	92e416801fa7ca1fdfad4dd3c382a3ed	\N
israel	2018-09-14 00:42:43.091707	2018-09-14 01:12:43.091707	b1854c92fa8bc473525d5db238cb84ef	\N
israel	2018-09-14 00:42:43.620114	2018-09-14 01:12:43.620114	b1854c92fa8bc473525d5db238cb84ef	\N
israel	2018-09-14 00:42:44.484969	2018-09-14 01:12:44.484969	cf4267cca2caa574d5155492b945ce4f	\N
israel	2018-09-14 00:42:45.406962	2018-09-14 01:12:45.406962	ac8e11eb9f9c74a8c74d2e873acb5079	\N
israel	2018-09-14 00:42:45.975116	2018-09-14 01:12:45.975116	ac8e11eb9f9c74a8c74d2e873acb5079	\N
israel	2018-09-14 00:42:46.606705	2018-09-14 01:12:46.606705	3eafc2c49afe8e883f88ba6337562769	\N
israel	2018-09-14 00:42:47.166107	2018-09-14 01:12:47.166107	ae0f1aa137d0c228942e2785d523d595	\N
israel	2018-09-14 00:42:47.777019	2018-09-14 01:12:47.777019	ae0f1aa137d0c228942e2785d523d595	\N
israel	2018-09-14 00:42:48.302865	2018-09-14 01:12:48.302865	be4b1401bcd6271ff15c6136d7ba6c69	\N
israel	2018-09-14 00:42:48.895391	2018-09-14 01:12:48.895391	be4b1401bcd6271ff15c6136d7ba6c69	\N
israel	2018-09-14 00:42:49.438792	2018-09-14 01:12:49.438792	e604cc5a1bcfbd8893c7f40820544d0d	\N
israel	2018-09-14 00:42:50.088171	2018-09-14 01:12:50.088171	22ae9c84c11ff23572185bdd494df2ca	\N
israel	2018-09-19 09:42:22.889037	2018-09-19 10:12:22.889037	da4e9dcc98cc6ead982b7bd1514e4443	\N
israel	2018-09-20 14:18:23.78553	2018-09-20 14:48:23.78553	3f99ae06e35118cfdcd4d1a5b8cc2eea	\N
israel	2018-09-21 09:19:10.599483	2018-09-21 09:49:10.599483	8b9f8d5bbe8501a57f1ea8ef4f9410c5	\N
israel	2018-10-02 22:13:50.642235	2018-10-02 22:43:50.642235	ef9bfe89ed7786d4e22a5c87e6c57ab5	127.0.0.1
israel	2018-10-02 22:14:13.005697	2018-10-02 22:44:13.005697	f823b6a9c4626a4e23704bd70d8eae6f	127.0.0.1
israel	2018-10-02 22:15:22.618219	2018-10-02 22:45:22.618219	f7b8f6dea5cc6c555f3db4c5633c9bdb	192.168.100.33
adrian	2018-10-03 16:50:59.94454	2018-10-07 01:53:24.219882	63334a04701857f04c3b65dd9749eb79	127.0.0.1
adrian	2018-10-07 00:43:24.419882	2018-10-07 01:53:24.219882	9abb9942fe475c40b397dee3e6299fbf	127.0.0.1
adrian	2018-10-07 01:32:24.363009	2018-10-07 02:02:24.363009	d74bce18f2a2e591d8500b52f0440f34	127.0.0.1
adrian	2018-10-07 01:36:58.21743	2018-10-07 02:06:58.21743	92e4dc8de34361b83ac30a5b8a66ec8f	127.0.0.1
adrian	2018-10-07 04:36:04.517374	2018-10-07 05:06:04.517374	011c6c06b91e096b34c1de8f6b9a38c6	127.0.0.1
adrian	2018-10-07 22:48:48.491396	2018-10-07 23:18:48.491396	12c16602fb1211c2038028d938237dc9	127.0.0.1
adrian	2018-10-07 22:49:08.247891	2018-10-07 23:19:08.247891	85414d99791bc519a341c830f681eb3d	127.0.0.1
adrian	2018-10-07 22:52:31.167094	2018-10-07 23:22:31.167094	cb8b5084d22a28b9f5e411b18491cc22	127.0.0.1
adrian	2018-10-07 22:56:49.446165	2018-10-07 23:26:49.446165	519417d174c11165aaacc82067b88792	127.0.0.1
adrian	2018-10-07 22:56:49.744606	2018-10-07 23:26:49.744606	519417d174c11165aaacc82067b88792	127.0.0.1
adrian	2018-10-07 22:57:14.54739	2018-10-07 23:27:14.54739	5a2684f26881f83a70f21febc4400ec0	127.0.0.1
adrian	2018-10-07 22:57:14.803184	2018-10-07 23:27:14.803184	5a2684f26881f83a70f21febc4400ec0	127.0.0.1
adrian	2018-10-07 23:02:41.339182	2018-10-07 23:32:41.339182	1c15502b617247ad6ecf8aceeec475b4	127.0.0.1
adrian	2018-10-07 23:02:41.522456	2018-10-07 23:32:41.522456	1c15502b617247ad6ecf8aceeec475b4	127.0.0.1
adrian	2018-10-07 23:06:25.847716	2018-10-07 23:36:25.847716	000b83df435b8209fc628a1fc3ffe41d	127.0.0.1
adrian	2018-10-07 23:07:56.894378	2018-10-07 23:37:56.894378	c5a090c3942246963b97b5d7ef70671e	127.0.0.1
adrian	2018-10-07 23:15:51.14418	2018-10-07 23:45:51.14418	b911af8d969bea54d2816dbe0062f4cf	127.0.0.1
adrian	2018-10-07 23:17:24.161604	2018-10-07 23:47:24.161604	ed4229c76b4181872b26e17f013daee6	127.0.0.1
adrian	2018-10-07 23:39:52.443174	2018-10-08 00:09:52.443174	62b931a5a3cfbd5bcd3828a1ecc96a4f	192.168.0.12
adrian	2018-10-07 23:54:01.783161	2018-10-08 00:24:01.783161	9f6a31217ed5f98fb411f145fc60ed30	192.168.0.12
adrian	2018-10-08 02:38:33.576795	2018-10-08 03:08:33.576795	d6ecdd42b980dee56ecad8aa70cea6ba	192.168.0.12
adrian	2018-10-08 02:42:08.189304	2018-10-08 03:12:08.189304	756af95a6f256116fe1c0c16855332a1	192.168.0.12
adrian	2018-10-08 02:45:14.948036	2018-10-08 03:15:14.948036	9f0e7f151bf7c5b6ecb2b8ed2e00be97	192.168.0.12
adrian	2018-10-08 02:52:32.117764	2018-10-08 03:22:32.117764	0a3b36fe14bbf172554b8764cb871263	192.168.0.12
adrian	2018-10-08 03:11:55.914345	2018-10-08 03:41:55.914345	648287c4e5dcb1ca554dedc0adeb3152	192.168.0.12
adrian	2018-10-08 09:46:26.2134	2018-10-08 10:16:26.2134	45542d2db84f2b5f83a686eb859eb6c8	192.168.43.214
adrian	2018-10-14 16:44:46.767567	2018-10-14 17:14:46.767567	\N	\N
adrian	\N	\N	jsjsjs                          	\N
adrian	2018-10-14 16:52:54.173197	2018-10-14 17:22:54.173197	cc66f16af9783e45d9a8e1a1f6233360	\N
adrian	2018-10-14 17:24:40.961691	2018-10-14 17:54:40.961691	bbc4d0133bc4ae98ccc9fbd5722aa77d	\N
adrian	2018-10-14 17:33:29.245845	2018-10-14 18:03:29.245845	2d2180a6b4ef3f1d92f4d45a99163a42	\N
adrian	2018-10-16 17:06:57.255682	2018-10-16 17:36:57.255682	b0fdab2f2d3ecf2d8a17a48e69ecb2b7	\N
adrian	2018-10-17 14:21:19.318723	2018-10-17 14:51:19.318723	966b18a3285a5b685a6d939077243ab9	\N
adrian	2018-10-17 14:45:42.580094	2018-10-17 15:15:42.580094	42012aa56751f2d2d8cc06200423a3ea	\N
adrian	2018-10-17 15:16:34.478427	2018-10-17 15:46:34.478427	1c5b068d25c107fb3da45a10bf8c7106	\N
adrian	2018-10-17 17:11:23.673467	2018-10-17 17:41:23.673467	3a846009b2048686280b6c7034707bdc	\N
adrian	2018-10-17 21:01:17.230618	2018-10-17 21:31:17.230618	1c0d917f86c651310221455869bb9deb	\N
adrian	2018-10-17 21:31:41.615085	2018-10-17 22:01:41.615085	86920ff57555d7c8d9316a421e445629	\N
adrian	2018-10-18 14:20:21.32349	2018-10-18 14:50:21.32349	a29ae1f874f3a5a5c03ed1217c861cf5	\N
adrian	2018-10-18 14:52:02.527654	2018-10-18 15:22:02.527654	0b757ce78da139c9884f34cd4152b99c	\N
adrian	2018-10-18 15:22:20.023604	2018-10-18 15:52:20.023604	f61dc2b807bb5d38a791c56fe70515da	\N
adrian	2018-10-18 17:23:32.147095	2018-10-18 17:53:32.147095	82e53a9eeec7b0e5cfd4cc45c056e285	\N
adrian	2018-10-18 17:56:01.434253	2018-10-18 18:26:01.434253	a8c944d60b9111fb29530eb39bfb4999	\N
adrian	2018-10-19 04:54:31.828554	2018-10-19 05:24:31.828554	d9aa5ae9a077785c4bd597bad264e4a6	\N
adrian	2018-10-19 05:28:58.523929	2018-10-19 05:58:58.523929	28e0952618cdc31a084a3dd2ff01826b	\N
adrian	2018-10-19 10:04:45.185348	2018-10-19 10:34:45.185348	419ba7a4034e656ad5640d60b75c9d63	127.0.0.1
adrian	2018-10-19 10:13:25.683634	2018-10-19 10:43:25.683634	98b1e560af006fa93dcffdc144e86ebc	\N
adrian	2018-10-19 10:22:19.282115	2018-10-19 10:52:19.282115	1cd49afbafa41e129e7e8763e0ee740d	\N
adrian	2018-10-19 11:31:07.987711	2018-10-19 12:01:07.987711	85552f482aecf3ecd72caf931a2a3d61	\N
adrian	2018-10-20 21:01:32.734939	2018-10-20 21:31:32.734939	81656c5b6c3c0f10aeb6ce72ea177670	\N
adrian	2018-10-22 09:16:46.69558	2018-10-22 09:46:46.69558	afb9fa8e7c5591982e3f84b9d4dbceb9	\N
adrian	2018-10-30 22:44:08.391326	2018-10-30 23:14:08.391326	5dd405188e6405c40147f93d0804b74b	127.0.0.1
adrian	2018-10-30 22:57:23.018715	2018-10-30 23:27:23.018715	ad1bd00d3bc788e5b056af0575ee40d8	127.0.0.1
adrian	2018-10-30 22:57:23.084715	2018-10-30 23:27:23.084715	ad1bd00d3bc788e5b056af0575ee40d8	192.168.0.12
adrian	2018-10-30 23:01:05.113656	2018-10-30 23:31:05.113656	a50485c2b06565f85d4e08301fe9e037	192.168.0.12
adrian	2018-10-30 23:04:40.413189	2018-10-30 23:34:40.413189	6429cd6967510dbfdeb07a218a57b819	192.168.0.12
adrian	2018-10-30 23:05:31.249616	2018-10-30 23:35:31.249616	c705d68f4ed490108ab9cb385d970e6a	192.168.0.12
adrian	2018-10-30 23:11:54.669591	2018-10-30 23:41:54.669591	91218753d87a47cb9acb92930fbcca3e	192.168.0.12
adrian	2018-10-30 23:13:28.943978	2018-10-30 23:43:28.943978	b7cb145b23bc0cbf95d2fe024f0be410	192.168.0.12
adrian	2018-10-30 23:18:16.4488	2018-10-30 23:48:16.4488	ec4d606cd6ac07c70d076b8a5b8490fd	192.168.0.12
adrian	2018-10-30 23:26:25.241548	2018-10-30 23:56:25.241548	b35c88729c582a1befd779dde0a05554	192.168.0.12
adrian	2018-10-30 23:28:24.053647	2018-10-30 23:58:24.053647	4c5ab2dd47a9835995fb5476a205e28d	192.168.0.12
adrian	2018-10-30 23:31:27.156393	2018-10-31 00:01:27.156393	ce357a859effa964903eee21b7576130	192.168.0.12
adrian	2018-10-30 23:33:41.802477	2018-10-31 00:03:41.802477	4c2c78e90fa1ce18dbb38fb4acaa0cb8	192.168.0.12
adrian	2018-10-30 23:45:29.446309	2018-10-31 00:15:29.446309	42a859f5282dccf821f6c124043e4bd2	192.168.0.12
adrian	2018-10-30 23:47:31.823249	2018-10-31 00:17:31.823249	9c85c90adfc6d8ce0472d2a296d9a0d0	192.168.0.12
adrian	2018-10-31 00:15:37.385244	2018-10-31 00:45:37.385244	147a5fd2f31abfa1779c0e07a7e5206b	192.168.0.12
adrian	2018-10-31 09:00:22.134965	2018-10-31 09:30:22.134965	94e9a637a422deb44b10c40b0c4c173e	127.0.0.1
adrian	2018-11-04 23:17:20.814051	2018-11-04 23:47:20.814051	f310e375faab40283e8c4054ebf67dbb	127.0.0.1
adrian	2018-11-04 23:25:41.054585	2018-11-04 23:55:41.054585	501651995394afc01e4cfee1bea9f175	192.168.0.12
adrian	2018-11-04 23:28:17.057985	2018-11-04 23:58:17.057985	ec22d06bd6847ffc33820d5409989f9f	192.168.0.12
adrian	2018-11-04 23:30:36.353025	2018-11-05 00:00:36.353025	13f4b8459c6b650b1d3b64b9569fc340	192.168.0.12
adrian	2018-11-04 23:35:21.592757	2018-11-05 00:05:21.592757	9edcc5ae8c5dcba6f90c3872a920e278	192.168.0.12
adrian	2018-11-04 23:37:07.041577	2018-11-05 00:07:07.041577	e56f1679daf97b897c0fc32dd30a1b54	192.168.0.12
adrian	2018-11-04 23:39:49.093988	2018-11-05 00:09:49.093988	37a60bf3dc265aae03149b012ac0c29c	192.168.0.12
adrian	2018-11-04 23:41:08.908036	2018-11-05 00:11:08.908036	28f4581f0ce10da741f239bc5a10c075	192.168.0.12
adrian	2018-11-04 23:49:29.362295	2018-11-05 00:19:29.362295	10c85be3673c6afc153e1bc091de65cf	192.168.0.12
adrian	2018-11-04 23:52:34.118106	2018-11-05 00:22:34.118106	2726a602cdce92d91898e87bd955f8d8	192.168.0.12
adrian	2018-11-04 23:59:13.378016	2018-11-05 00:29:13.378016	347fa24b122b5d9a35bad499ef68453c	192.168.0.12
adrian	2018-11-05 00:01:38.039659	2018-11-05 00:31:38.039659	b036f0f52654f872e810ef1d8414474f	192.168.0.12
adrian	2018-11-18 14:23:56.055515	2018-11-18 14:53:56.055515	f71f9f0306e8ac12df8a599ea99dc641	127.0.0.1
adrian	2018-11-18 14:33:05.930167	2018-11-18 15:03:05.930167	2c0e483208df0426da6949cb22656031	127.0.0.1
adrian	2018-11-18 14:33:17.880532	2018-11-18 15:03:17.880532	2938583a1ed0e11ee48c6df27892f27d	127.0.0.1
adrian	2018-11-18 14:34:41.584019	2018-11-18 15:04:41.584019	1dabb31ca6902b86f2220f11b28d5808	127.0.0.1
adrian	2018-11-18 14:35:46.241966	2018-11-18 15:05:46.241966	c872bddf879e2be8aa22daa297d54dbe	127.0.0.1
adrian	2018-11-18 14:36:02.265897	2018-11-18 15:06:02.265897	28bbcf98dee6a5e1e520c895931bd7de	127.0.0.1
adrian	2018-11-18 15:06:03.734807	2018-11-18 15:36:03.734807	50274366fea40bcaecee54f34a134f02	127.0.0.1
adrian	2018-11-18 16:30:06.703151	2018-11-18 17:00:06.703151	631824f0e1a317569528e51cb0ba10bc	127.0.0.1
adrian	2018-11-18 16:32:48.609357	2018-11-18 17:02:48.609357	448e84b9e5bb01f4131b6087f6480c06	192.168.0.12
adrian	2018-11-18 16:33:16.341157	2018-11-18 17:03:16.341157	e70b50ee93f950b5d5a3eb41f7112019	192.168.0.12
adrian	2018-11-18 16:33:22.474592	2018-11-18 17:03:22.474592	3e1d679ea8ab9726e09bcd5d65d4f01d	192.168.0.12
adrian	2018-11-18 16:44:43.265403	2018-11-18 17:14:43.265403	183c3163fc7564a16a64f7bef055704c	192.168.0.12
adrian	2018-11-18 16:49:05.089616	2018-11-18 17:19:05.089616	ee631cce9871c8d6b433b0c49a920391	192.168.0.12
adrian	2018-11-18 16:49:45.343272	2018-11-18 17:19:45.343272	b435071424253d008c8e028f8ae295af	192.168.0.12
adrian	2018-11-18 16:49:57.67923	2018-11-18 17:19:57.67923	56e8f9b1167af690253161ff99e86bca	192.168.0.12
adrian	2018-11-18 16:49:59.257473	2018-11-18 17:19:59.257473	6ae7a48dac1775961512923f364e9ebf	192.168.0.12
adrian	2018-11-18 16:50:00.525925	2018-11-18 17:20:00.525925	a1747beea59a359a27a2135f5e4b080e	192.168.0.12
adrian	2018-11-18 16:50:02.467607	2018-11-18 17:20:02.467607	eb6179e1b5f28162f0ad139690090e2f	192.168.0.12
adrian	2018-11-18 16:50:03.37911	2018-11-18 17:20:03.37911	03e7b14828a1c681b4e1d4d9e2a121a2	192.168.0.12
adrian	2018-11-18 17:06:10.342815	2018-11-18 17:36:10.342815	4144af643c7fd374e4ffcaea5a6be395	192.168.0.12
adrian	2018-11-18 17:14:32.198032	2018-11-18 17:44:32.198032	e9aaca1553a45c58d1e290d748dee4c1	192.168.0.12
adrian	2018-11-18 17:15:22.092211	2018-11-18 17:45:22.092211	1ee65b2194bd955821c4ce18c9fc5b71	192.168.0.12
adrian	2018-11-18 17:20:01.273951	2018-11-18 17:50:01.273951	853d680c2645d15ba8e456a72285f8a8	127.0.0.1
adrian	2018-11-18 18:25:21.616459	2018-11-18 18:55:21.616459	783dc197d8c1c710c6e7a847537827fa	127.0.0.1
adrian	2018-11-18 19:11:06.862453	2018-11-18 19:41:06.862453	4ebfccfe10c045d2c5aead650973d8ee	192.168.0.12
adrian	2018-11-18 19:15:22.863584	2018-11-18 19:45:22.863584	ddc626b9a197d4419e9c1fe887ae35c8	192.168.0.12
adrian	2018-11-18 19:21:47.522804	2018-11-18 19:51:47.522804	354d4505987d571412fd8eed79ec2b43	192.168.0.12
adrian	2018-11-18 19:25:13.69545	2018-11-18 19:55:13.69545	81bf550d012d684c19933d58ae10c59d	192.168.0.12
adrian	2018-11-18 19:31:38.840621	2018-11-18 20:01:38.840621	194dac6395c5eea3d6c2896b987c8bcf	192.168.0.12
adrian	2018-11-18 19:46:22.461076	2018-11-18 20:16:22.461076	3d1e9f0fdc775cb8bc938b1d8f3d7d47	192.168.0.12
adrian	2018-11-18 19:46:58.038007	2018-11-18 20:16:58.038007	b18ac47bffc5510cc7d7e25e86978ce1	127.0.0.1
adrian	2018-11-18 19:51:39.652333	2018-11-18 20:21:39.652333	6643c7e1c535acc4526497aca5dcdee6	192.168.0.12
adrian	2018-11-18 19:54:35.139142	2018-11-18 20:24:35.139142	5d867d14b6ce842bc659e437dcb7505b	192.168.0.12
adrian	2018-11-18 20:04:07.842544	2018-11-18 20:34:07.842544	627895128385356aab8fde6241662e13	192.168.0.12
adrian	2018-11-18 20:04:07.857543	2018-11-18 20:34:07.857543	627895128385356aab8fde6241662e13	192.168.0.12
adrian	2018-11-18 20:04:08.366067	2018-11-18 20:34:08.366067	627895128385356aab8fde6241662e13	192.168.0.12
adrian	2018-11-18 20:06:42.127792	2018-11-18 20:36:42.127792	05d5d0393b29034e473ca42804cb7699	192.168.0.12
adrian	2018-11-18 20:09:10.160342	2018-11-18 20:39:10.160342	cd0ec7fd218eec04a8f6cd8e00dce855	192.168.0.12
adrian	2018-11-18 20:10:59.312749	2018-11-18 20:40:59.312749	0d6e237cdfdb70f7fcddfa4335a4ec93	192.168.0.12
adrian	2018-11-18 20:12:17.074549	2018-11-18 20:42:17.074549	5461007989e074c25187965b62938b18	192.168.0.12
adrian	2018-11-18 20:12:20.131774	2018-11-18 20:42:20.131774	b6da838afe56cbb6f68c3cc148f49405	192.168.0.12
adrian	2018-11-18 21:52:52.243774	2018-11-18 22:22:52.243774	d53efdb288880c939e66103456ab882d	127.0.0.1
adrian	2018-11-18 21:59:12.126864	2018-11-18 22:29:12.126864	9a09a6d31fc7c530a9df0e8ece0b0537	127.0.0.1
adrian	2018-11-18 22:41:15.321448	2018-11-18 23:11:15.321448	8863f116b4ec10f7ce06c8626fdb7d19	127.0.0.1
adrian	2018-11-18 23:20:18.417432	2018-11-18 23:50:18.417432	a6d2a5329884f32226b3e958f30e8caa	192.168.0.12
adrian	2018-11-18 23:29:30.936794	2018-11-18 23:59:30.936794	d356e55beffa170c30d02634f16a4fec	192.168.0.12
adrian	2018-11-18 23:29:43.328269	2018-11-18 23:59:43.328269	c6c02e5164ae50972824bb2b252229d3	192.168.0.12
adrian	2018-11-18 23:43:52.874632	2018-11-19 00:13:52.874632	35aaa57814cb848836e90aae66e37d29	192.168.0.12
adrian	2018-11-18 23:45:46.224381	2018-11-19 00:15:46.224381	9ebff639505eb60daa9a0983bd766650	192.168.0.12
adrian	2018-11-18 23:47:18.983528	2018-11-19 00:17:18.983528	b826bce7b3dd4a23c5886caa6a8398dd	192.168.0.12
adrian	2018-11-18 23:53:53.388424	2018-11-19 00:23:53.388424	a6055eb231bbf66c86e9ea3ab00f82d6	192.168.0.12
adrian	2018-11-18 23:55:57.944326	2018-11-19 00:25:57.944326	cd8814e5082658737f8651c3fcd3f24d	192.168.0.12
adrian	2018-11-18 23:58:34.565225	2018-11-19 00:28:34.565225	18c8dfa48aece3331f48d1bf1e2119f9	192.168.0.12
adrian	2018-11-19 00:00:31.383178	2018-11-19 00:30:31.383178	5454848a9f7117bf7d580acf455ce3c5	192.168.0.12
adrian	2018-11-19 00:01:29.053207	2018-11-19 00:31:29.053207	cb18fa4aab15e05877888292f0301286	127.0.0.1
adrian	2018-11-19 00:05:28.547489	2018-11-19 00:35:28.547489	01dab62797f6d057a2c9eee96840964e	192.168.0.12
adrian	2018-11-19 00:08:22.888442	2018-11-19 00:38:22.888442	a0d512ea8ca80673437a23d24ad2adc2	192.168.0.12
adrian	2018-11-19 00:16:07.388806	2018-11-19 00:46:07.388806	b66b2d7c1761a2c4171ede2e9f7df745	192.168.0.12
adrian	2018-11-19 00:20:47.522935	2018-11-19 00:50:47.522935	b0df53bd8fdb9aaa6517054bf3a19be2	192.168.0.12
adrian	2018-11-19 00:22:17.076936	2018-11-19 00:52:17.076936	0bcc0d669225428388bc85e72e45f062	192.168.0.12
adrian	2018-11-19 00:36:29.469422	2018-11-19 01:06:29.469422	bb463eb20e71f1830c5abdd87ab94ad2	192.168.0.12
adrian	2018-11-19 00:40:03.127154	2018-11-19 01:10:03.127154	12a28b54e05cc848bf00ed8c07a6aa26	192.168.0.12
adrian	2018-11-19 00:42:47.508842	2018-11-19 01:12:47.508842	c417f08e3949a3c7d8deada57f76896b	192.168.0.12
adrian	2018-11-19 00:44:40.757168	2018-11-19 01:14:40.757168	e1c77fd27231ce5c52fe66c6a92a66a7	192.168.0.12
adrian	2018-11-19 00:46:02.368817	2018-11-19 01:16:02.368817	da27c4280579488a9e2ec37d7ee804bb	192.168.0.12
adrian	2018-11-19 00:49:19.679689	2018-11-19 01:19:19.679689	6f582b44fa33cd2b40b4f75f83a45c54	192.168.0.12
adrian	2018-11-19 00:51:02.25883	2018-11-19 01:21:02.25883	eb747371abc9f0a35b4af632caf24dc7	192.168.0.12
adrian	2018-11-19 01:01:30.512047	2018-11-19 01:31:30.512047	8068fd1b74156307261695072b46ffa3	192.168.0.12
adrian	2018-11-19 01:05:47.96722	2018-11-19 01:35:47.96722	c81e672c51eb86329115ecb51fd314f6	192.168.0.12
adrian	2018-11-19 01:07:59.286844	2018-11-19 01:37:59.286844	8f2e1118713480453c1bc7dd762e81f4	192.168.0.12
adrian	2018-11-19 01:09:39.337034	2018-11-19 01:39:39.337034	256d3e85ae0db68462a5d1cce576d92e	192.168.0.12
adrian	2018-11-19 01:11:53.081435	2018-11-19 01:41:53.081435	20a186ddf5c367243963b8dd54c31b62	192.168.0.12
adrian	2018-11-19 01:14:42.092843	2018-11-19 01:44:42.092843	14c2572766ca8919c1f79bc77d6670ac	192.168.0.12
adrian	2018-11-19 01:16:24.579218	2018-11-19 01:46:24.579218	3845a46ff9ad997d6416ec82ceb0b3e0	192.168.0.12
adrian	2018-11-19 01:18:50.774827	2018-11-19 01:48:50.774827	2a417e3a6b095ef54c6a0359674ae866	192.168.0.12
adrian	2018-11-19 01:20:10.418592	2018-11-19 01:50:10.418592	8619fe2e2c5b43b51b9bc6e738326773	192.168.0.12
adrian	2018-11-19 01:21:59.525173	2018-11-19 01:51:59.525173	0dc861ca2a7faeb8a400c739e1842909	192.168.0.12
adrian	2018-11-19 01:23:18.557696	2018-11-19 01:53:18.557696	c64d8fedf8e811aa03a1885833f99801	192.168.0.12
adrian	2018-11-19 01:25:14.195351	2018-11-19 01:55:14.195351	04a26978466a844600f55c4a47e11695	192.168.0.12
adrian	2018-11-19 01:26:51.150942	2018-11-19 01:56:51.150942	e190c86ac767d3308c206b6ccc4e34d8	192.168.0.12
adrian	2018-11-19 01:28:29.994689	2018-11-19 01:58:29.994689	bba09909bd58da37c3852f1be99089b0	192.168.0.12
adrian	2018-11-19 01:30:44.193525	2018-11-19 02:00:44.193525	b2669358437959d54fd5ba9892a1d596	192.168.0.12
adrian	2018-11-19 01:32:52.51176	2018-11-19 02:02:52.51176	fa3562aa55fc3886f2fef5a015d13a30	192.168.0.12
adrian	2018-11-19 01:34:26.536966	2018-11-19 02:04:26.536966	8550c4c82c576559a576de2433082c0b	192.168.0.12
adrian	2018-11-19 01:35:58.183014	2018-11-19 02:05:58.183014	808cf7e03503d9761091bb03e145f69c	192.168.0.12
adrian	2018-11-19 01:37:24.714347	2018-11-19 02:07:24.714347	5741cad508be237b61d3fcd9f0d36bca	192.168.0.12
adrian	2018-11-19 01:41:11.050815	2018-11-19 02:11:11.050815	142367603ac8c11fb492ac9591e7ecb1	192.168.0.12
adrian	2018-11-19 13:22:44.025254	2018-11-19 13:52:44.025254	8c38da036643cba0eb7d81f79953456f	192.168.0.12
adrian	2018-11-19 13:45:49.130218	2018-11-19 14:15:49.130218	aa9930ff0b805f5e33fb731d0f658f2d	127.0.0.1
adrian	2018-11-19 15:10:09.444657	2018-11-19 15:40:09.444657	728dbff12c1e88f3948d7cef6ab4f2e4	127.0.0.1
adrian	2018-11-19 16:00:15.957791	2018-11-19 16:30:15.957791	e885e5e50ff51a5ab8b11f22b33129ee	192.168.0.12
adrian	2018-11-19 16:03:26.538846	2018-11-19 16:33:26.538846	c17bf267d3e52981eec237099e731ffd	192.168.0.12
adrian	2018-11-19 16:07:43.82362	2018-11-19 16:37:43.82362	7de4b1005eec81f00a28c2d3ba60b1c7	192.168.0.12
adrian	2018-11-19 16:09:49.919873	2018-11-19 16:39:49.919873	ca7b67289ec8a6626be96537d3aca925	192.168.0.12
adrian	2018-11-19 16:11:35.388288	2018-11-19 16:41:35.388288	7c1689b8d0dd073a9838646a857e0ccc	192.168.0.12
adrian	2018-11-19 16:18:11.873301	2018-11-19 16:48:11.873301	46951fe6777b35aca1cf10eae07287c5	192.168.0.12
adrian	2018-11-19 19:21:06.880459	2018-11-19 19:51:06.880459	dfe2ebd0323bded3cfe7abd132873ec3	192.168.0.12
adrian	2018-11-19 22:24:22.071275	2018-11-19 22:54:22.071275	1cbb117f942ad0d25eca2c7baee9ee01	192.168.0.12
adrian	2018-11-19 22:27:18.858566	2018-11-19 22:57:18.858566	3c78a8e619010a4181586babc91fba10	192.168.0.12
adrian	2018-11-19 22:31:25.652989	2018-11-19 23:01:25.652989	a74830ab113d44ce8b7936e4f27c0bbc	192.168.0.12
adrian	2018-11-19 22:58:19.316839	2018-11-19 23:28:19.316839	2b80516e3cb21d1a641b294d973b0bc4	192.168.0.12
adrian	2018-11-19 23:04:34.03034	2018-11-19 23:34:34.03034	41ae56a0df6f8027c3c5b74ae753d0a1	192.168.0.12
adrian	2018-11-20 12:17:00.562801	2018-11-20 12:47:00.562801	c8498daa24b705abadf1b87d640a7b94	127.0.0.1
adrian	2018-11-20 12:37:01.736167	2018-11-20 13:07:01.736167	c1545fb60d51f273c9489bd329a1adda	192.168.100.16
adrian	2018-11-20 12:38:09.504476	2018-11-20 13:08:09.504476	1130f6b75db7e34a2616b945c7b0425b	192.168.100.16
adrian	2018-11-20 17:11:18.374274	2018-11-20 17:41:18.374274	38d068eaa51ae30dc4cf2249136b1316	192.168.100.16
adrian	2018-11-20 17:11:18.402238	2018-11-20 17:41:18.402238	38d068eaa51ae30dc4cf2249136b1316	192.168.100.16
adrian	2018-11-20 17:11:18.477273	2018-11-20 17:41:18.477273	38d068eaa51ae30dc4cf2249136b1316	192.168.100.16
adrian	2018-11-20 17:11:18.318274	2018-11-20 17:41:18.318274	38d068eaa51ae30dc4cf2249136b1316	192.168.100.16
adrian	2018-11-20 17:11:18.509272	2018-11-20 17:41:18.509272	38d068eaa51ae30dc4cf2249136b1316	192.168.100.16
adrian	2018-11-20 17:11:18.531272	2018-11-20 17:41:18.531272	38d068eaa51ae30dc4cf2249136b1316	192.168.100.16
adrian	2018-11-20 17:11:18.537273	2018-11-20 17:41:18.537273	38d068eaa51ae30dc4cf2249136b1316	192.168.100.16
adrian	2018-11-20 17:11:18.561272	2018-11-20 17:41:18.561272	38d068eaa51ae30dc4cf2249136b1316	192.168.100.16
adrian	2018-11-20 17:11:18.591272	2018-11-20 17:41:18.591272	38d068eaa51ae30dc4cf2249136b1316	192.168.100.16
adrian	2018-11-20 17:11:18.594272	2018-11-20 17:41:18.594272	38d068eaa51ae30dc4cf2249136b1316	192.168.100.16
adrian	2018-11-20 17:11:18.651271	2018-11-20 17:41:18.651271	38d068eaa51ae30dc4cf2249136b1316	192.168.100.16
adrian	2018-11-20 17:11:18.67827	2018-11-20 17:41:18.67827	38d068eaa51ae30dc4cf2249136b1316	192.168.100.16
adrian	2018-11-20 17:11:18.710269	2018-11-20 17:41:18.710269	38d068eaa51ae30dc4cf2249136b1316	192.168.100.16
adrian	2018-11-20 17:11:18.726269	2018-11-20 17:41:18.726269	38d068eaa51ae30dc4cf2249136b1316	192.168.100.16
adrian	2018-11-20 17:11:18.750269	2018-11-20 17:41:18.750269	38d068eaa51ae30dc4cf2249136b1316	192.168.100.16
adrian	2018-11-20 17:11:18.771269	2018-11-20 17:41:18.771269	38d068eaa51ae30dc4cf2249136b1316	192.168.100.16
adrian	2018-11-20 17:11:18.780269	2018-11-20 17:41:18.780269	38d068eaa51ae30dc4cf2249136b1316	192.168.100.16
adrian	2018-11-20 17:11:18.860267	2018-11-20 17:41:18.860267	1c6d8c2b74bc77ea5b856cb39146b630	192.168.100.16
adrian	2018-11-20 17:11:18.869267	2018-11-20 17:41:18.869267	1c6d8c2b74bc77ea5b856cb39146b630	192.168.100.16
adrian	2018-11-20 17:12:07.473481	2018-11-20 17:42:07.473481	8f11ea2153744a4e2f61c5d28cded052	192.168.100.16
adrian	2018-11-20 17:12:07.481481	2018-11-20 17:42:07.481481	8f11ea2153744a4e2f61c5d28cded052	192.168.100.16
adrian	2018-11-20 17:12:07.48348	2018-11-20 17:42:07.48348	8f11ea2153744a4e2f61c5d28cded052	192.168.100.16
adrian	2018-11-20 17:12:07.54448	2018-11-20 17:42:07.54448	8f11ea2153744a4e2f61c5d28cded052	192.168.100.16
adrian	2018-11-20 17:12:07.590483	2018-11-20 17:42:07.590483	8f11ea2153744a4e2f61c5d28cded052	192.168.100.16
adrian	2018-11-20 17:12:10.702027	2018-11-20 17:42:10.702027	18c14659c5cc4ca78f63a59c881dd6ff	192.168.100.16
adrian	2018-11-20 17:20:49.499318	2018-11-20 17:50:49.499318	3a3fffc45a5f4a9046ad35ec5bd61f12	192.168.100.16
adrian	2018-11-20 17:34:47.349836	2018-11-20 18:04:47.349836	b64f4c0370b15481d079ef12651118ff	192.168.100.16
adrian	2018-11-20 17:36:58.307411	2018-11-20 18:06:58.307411	dd8287c1c2e7b1eabebad52cc8fae7b8	192.168.100.16
adrian	2018-11-20 17:40:12.411434	2018-11-20 18:10:12.411434	16afb14998286a03dc945a66e95f39f9	192.168.100.16
adrian	2018-11-20 18:05:14.593879	2018-11-20 18:35:14.593879	16ae0460f430e9815aff165dcdc12a3c	192.168.100.16
adrian	2018-11-20 18:07:39.409838	2018-11-20 18:37:39.409838	f38b4c0942aba09b65c8c4085e27bc7c	192.168.100.16
adrian	2018-11-20 18:10:00.219975	2018-11-20 18:40:00.219975	a6d5a6b080867bf4dd9b8ca8f07eb1f8	192.168.100.16
adrian	2018-11-20 18:10:44.915787	2018-11-20 18:40:44.915787	d276684515b67e92525df7b8f5df6ba2	192.168.100.16
adrian	2018-11-20 18:13:48.752485	2018-11-20 18:43:48.752485	f94f5407d66bd8b3e6e4322741e9ece3	192.168.100.16
adrian	2018-11-20 18:15:12.895869	2018-11-20 18:45:12.895869	ba4bc9e794bbed38869eceef27f7ccbd	192.168.100.16
adrian	2018-11-20 18:19:20.725658	2018-11-20 18:49:20.725658	5c231df99e79eab723669fab797fc295	192.168.100.16
adrian	2018-11-20 18:28:22.962141	2018-11-20 18:58:22.962141	d229625e0fbf7b831764bca7dd3b4a1d	192.168.100.16
adrian	2018-11-20 18:31:40.817852	2018-11-20 19:01:40.817852	58d5761c53fbaf4d159b0c03ca332425	192.168.100.16
adrian	2018-11-22 12:30:41.730903	2018-11-22 13:00:41.730903	ed7b68fadcbd8a1c4aa519bb85dfa506	192.168.100.16
adrian	2018-11-22 12:31:17.375631	2018-11-22 13:01:17.375631	5ebff4a621dde1727fa6ef092039c204	192.168.100.16
adrian	2018-11-22 12:31:17.412667	2018-11-22 13:01:17.412667	5ebff4a621dde1727fa6ef092039c204	192.168.100.16
adrian	2018-11-22 12:31:50.481812	2018-11-22 13:01:50.481812	a9327eefac3bc147eb79f735d75ec6ed	192.168.100.16
adrian	2018-11-22 12:42:55.623168	2018-11-22 13:12:55.623168	b186464d7cb8f917953711dfbe267af2	192.168.100.16
adrian	2018-11-22 21:56:53.23358	2018-11-22 22:26:53.23358	46f7de04ece0f9f632741efe867d212b	127.0.0.1
adrian	2018-11-22 22:31:45.158394	2018-11-22 23:01:45.158394	a87416cddc6174763e256bf108f18e81	127.0.0.1
adrian	2018-11-22 23:10:24.374127	2018-11-22 23:40:24.374127	2fbe3580eac8b7186e699b06ad3b383d	192.168.0.12
adrian	2018-11-22 23:14:44.412054	2018-11-22 23:44:44.412054	0ccdaf9517c423edc80db1be9218da6d	192.168.0.12
adrian	2018-11-22 23:25:54.900839	2018-11-22 23:55:54.900839	a43eb45777991cfeecc32cb284628b18	192.168.0.12
adrian	2018-11-22 23:30:05.905087	2018-11-23 00:00:05.905087	54ddd5cd42ef8e6f6652c0a87747422c	192.168.0.12
adrian	2018-11-22 23:35:26.537864	2018-11-23 00:05:26.537864	493db2f329b27f9e2391e5f8491e7127	192.168.0.12
adrian	2018-11-22 23:37:32.933618	2018-11-23 00:07:32.933618	278ca9f20fda6e5c1058cacf3095578c	127.0.0.1
adrian	2018-11-22 23:41:46.457339	2018-11-23 00:11:46.457339	2fbd012242c28ad18a2e57e197307686	192.168.0.12
adrian	2018-11-22 23:42:10.3175	2018-11-23 00:12:10.3175	3226d8e1943f7695bfc647c493f2ee56	192.168.0.12
adrian	2018-11-22 23:43:09.413763	2018-11-23 00:13:09.413763	f010b35121f6e098ff0831ab5a85cd95	192.168.0.12
adrian	2018-11-22 23:45:30.242321	2018-11-23 00:15:30.242321	c2ab30b2f81048fe286e497d694d3d3a	192.168.0.12
adrian	2018-11-22 23:48:08.084194	2018-11-23 00:18:08.084194	742391df1b119bb9d633f94c6ba1f449	192.168.0.12
adrian	2018-11-22 23:51:22.469089	2018-11-23 00:21:22.469089	d4b86a855498c4f9c9e951bbefb1fa37	192.168.0.12
adrian	2018-11-22 23:55:22.954291	2018-11-23 00:25:22.954291	96c2e23add533f06ecbd9af0a256863c	127.0.0.1
adrian	2018-11-22 23:57:41.967411	2018-11-23 00:27:41.967411	fa6baa1485b5c48857bde5a78214202c	192.168.0.12
adrian	2018-11-23 00:05:34.84516	2018-11-23 00:35:34.84516	41c57bf6d314a5c2aa059cf923943497	192.168.0.12
adrian	2018-11-23 00:10:34.325098	2018-11-23 00:40:34.325098	23f560a5cf1b1223659176adc0f6eafe	192.168.0.12
adrian	2018-11-23 00:11:04.796103	2018-11-23 00:41:04.796103	c72e897b0e99320d938926ae05065c04	192.168.0.12
adrian	2018-11-23 00:12:31.968012	2018-11-23 00:42:31.968012	865f8240bf45aad53eb5dc65140b53eb	192.168.0.12
adrian	2018-11-23 00:14:00.269116	2018-11-23 00:44:00.269116	fdf348d20738a31d0337ea93193ac774	192.168.0.12
adrian	2018-11-23 00:17:34.736676	2018-11-23 00:47:34.736676	b01aba442d66078d010de2265882d778	192.168.0.12
adrian	2018-11-23 00:19:42.290699	2018-11-23 00:49:42.290699	f903ef451d9ae7fd1051e47f1220fcb4	192.168.0.12
adrian	2018-11-23 00:27:05.569359	2018-11-23 00:57:05.569359	f7cb9ac6e3365412953089d9e5f0e564	192.168.0.12
adrian	2018-11-23 00:36:32.575544	2018-11-23 01:06:32.575544	5392df91d3a192d9418dcb07acb2afd3	192.168.0.12
adrian	2018-11-23 00:39:50.547194	2018-11-23 01:09:50.547194	e3f7a9f29e495df2947ed7959a468758	192.168.0.12
adrian	2018-11-23 00:50:49.692968	2018-11-23 01:20:49.692968	823f84ddd8f5f49cb1715cc201d439b2	192.168.0.12
adrian	2018-11-23 00:53:02.929161	2018-11-23 01:23:02.929161	ef72f102d8081e1eaca4b6fa22d2e399	192.168.0.12
adrian	2018-11-23 00:58:35.921542	2018-11-23 01:28:35.921542	42d20756da78bcfa55c858869c867cfd	192.168.0.12
adrian	2018-11-23 01:02:16.329955	2018-11-23 01:32:16.329955	e36eecf8c67f7b80cbb5813d81d527d5	192.168.0.12
adrian	2018-11-23 10:12:06.308305	2018-11-23 10:42:06.308305	bc297c358fe8dc26e2ea15410e2cf94e	192.168.100.16
adrian	2018-11-23 20:33:42.411976	2018-11-23 21:03:42.411976	a6a56b23d508316881a837b4bd50c42d	192.168.100.16
adrian	2018-11-23 20:40:33.943702	2018-11-23 21:10:33.943702	01aeae91e687342ffe6dac528c18dc9e	192.168.100.16
adrian	2018-11-23 20:58:10.062899	2018-11-23 21:28:10.062899	6c24b8af3481fbf24122dcad15b8db3b	192.168.100.16
adrian	2018-11-23 22:39:42.503354	2018-11-23 23:09:42.503354	64e8d75f18ecadc1319fd120100d8cde	192.168.100.16
adrian	2018-11-24 00:09:44.63711	2018-11-24 00:39:44.63711	f1ded8d123582755852d153c132c2d30	192.168.100.16
adrian	2018-11-24 00:11:38.59988	2018-11-24 00:41:38.59988	e5000adeaf4d33f01a8ec13de5f5851e	192.168.100.16
adrian	2018-11-24 00:15:06.011802	2018-11-24 00:45:06.011802	d3e5536589ad0d17edea66952d41bd88	192.168.100.16
adrian	2018-11-24 00:17:50.659688	2018-11-24 00:47:50.659688	73838784d7f58da7e855f030415b6a63	192.168.100.16
adrian	2018-11-24 00:19:01.293381	2018-11-24 00:49:01.293381	9b51a5cb9462d258a63db7d9b5afad82	192.168.100.16
adrian	2018-11-24 00:22:38.550841	2018-11-24 00:52:38.550841	85a0af6144bab6f71f03715facb7d2df	192.168.100.16
adrian	2018-11-24 00:42:30.754683	2018-11-24 01:12:30.754683	b4c4061f31612a26d08a6d78bcee7b9b	192.168.100.16
adrian	2018-11-24 00:48:05.19538	2018-11-24 01:18:05.19538	9940bae440ea9209a2fbd5ea176b47a8	192.168.100.16
adrian	2018-11-24 00:53:25.169527	2018-11-24 01:23:25.169527	e069df9315aea298ea6c0ee494b914da	192.168.100.16
adrian	2018-11-24 00:55:43.208459	2018-11-24 01:25:43.208459	ef43be588e570128eaaaae853a0425c6	192.168.100.16
adrian	2018-11-24 00:56:27.200882	2018-11-24 01:26:27.200882	c2cdb5aeadfcdedbc8325d711066047b	192.168.100.16
adrian	2018-11-24 00:56:45.931846	2018-11-24 01:26:45.931846	fd023dffcddfc597c39c2e2278950c8f	192.168.100.16
adrian	2018-11-24 01:02:27.324139	2018-11-24 01:32:27.324139	31fc98c4f82662b5591db033c06a9109	192.168.100.16
adrian	2018-11-24 01:02:57.263536	2018-11-24 01:32:57.263536	ffd97323e99f6dbbc4decc4da2b5f3a0	192.168.100.16
adrian	2018-11-24 01:06:56.240129	2018-11-24 01:36:56.240129	b11d1a72eb88c789b97ff80ebcaff025	192.168.100.16
adrian	2018-11-24 01:18:51.421233	2018-11-24 01:48:51.421233	8672f1434fbd4a8035e243d317e03a46	192.168.100.16
adrian	2018-11-24 01:20:05.434939	2018-11-24 01:50:05.434939	449dc3f5f18e261ad3677c01dd71a6fb	192.168.100.16
adrian	2018-11-24 01:25:45.152962	2018-11-24 01:55:45.152962	7b8083c76e09402e753ff65e7658aed6	192.168.100.16
adrian	2018-11-24 01:27:45.247503	2018-11-24 01:57:45.247503	5b22362584e87279319b8c136bf4e257	192.168.100.16
adrian	2018-11-24 01:29:11.180496	2018-11-24 01:59:11.180496	a92a935c1288c7495f7ede5c838d9fdd	192.168.100.16
adrian	2018-11-24 01:35:58.396778	2018-11-24 02:05:58.396778	87739b5a6bc82e154b17a033001e1088	192.168.100.16
adrian	2018-11-24 12:16:27.539496	2018-11-24 12:46:27.539496	5f5b1a95acaf1c0e014cf65d21013db5	192.168.1.97
adrian	2018-11-24 12:56:56.00555	2018-11-24 13:26:56.00555	89aeb1eeebbbd11b8b34d2aaa973e32f	192.168.1.97
adrian	2018-11-24 12:58:54.6463	2018-11-24 13:28:54.6463	6a9ea94249ca564ade6f74ff917767e1	192.168.1.97
adrian	2018-11-24 13:02:12.791488	2018-11-24 13:32:12.791488	8b8c91481440fe209f887c9047ff3804	192.168.1.97
adrian	2018-11-24 13:04:48.036383	2018-11-24 13:34:48.036383	53efb9cd96f90f9f05b1e33ef3cfdcb2	192.168.1.97
adrian	2018-11-24 13:06:13.67248	2018-11-24 13:36:13.67248	a20ba57e00d36cdc8afdb8c206412ef7	192.168.1.97
adrian	2018-11-24 13:08:27.629217	2018-11-24 13:38:27.629217	96b72c073dffea16b440545a74dcc771	192.168.1.97
adrian	2018-11-24 13:13:59.040831	2018-11-24 13:43:59.040831	2899be055308be5792f409f466da564d	192.168.1.97
adrian	2018-11-24 13:21:03.088071	2018-11-24 13:51:03.088071	2b04bfffb6242278238b0152240d0d2b	192.168.1.97
adrian	2018-11-24 13:26:22.270874	2018-11-24 13:56:22.270874	deeebeeff267bfa4e1a5d002acbee9dc	192.168.1.97
adrian	2018-11-24 13:31:26.377321	2018-11-24 14:01:26.377321	117655ca9f704d4ba48a35e457aef0a7	192.168.1.97
adrian	2018-11-24 13:47:43.205853	2018-11-24 14:17:43.205853	6cdba4fa2b7e0453707f87daeca1cdd5	192.168.1.97
adrian	2018-11-24 13:49:06.766649	2018-11-24 14:19:06.766649	5b7df3c72e7dd1a0d6b754077f6b555e	192.168.1.97
adrian	2018-11-24 13:51:27.924464	2018-11-24 14:21:27.924464	bf02f52872bf8c33d15d3f7ca504a9d0	192.168.1.97
adrian	2018-11-24 13:57:43.292232	2018-11-24 14:27:43.292232	efb80b198d245c9f6df5bd130c02734b	192.168.1.97
adrian	2018-11-24 14:01:35.016764	2018-11-24 14:31:35.016764	76c93e9d89ad562bf760c024c16a58b0	192.168.1.97
adrian	2018-11-24 14:05:53.129137	2018-11-24 14:35:53.129137	8fc50d635f2a4d2f6f3bc99625080d55	192.168.1.97
adrian	2018-11-24 14:11:07.664502	2018-11-24 14:41:07.664502	57e52ce22f87c526368ea8e61a81390e	192.168.1.97
adrian	2018-11-24 14:11:29.45904	2018-11-24 14:41:29.45904	0b7a3159a24c2b03bcca030fc980f0dc	192.168.1.97
adrian	2018-11-24 14:11:29.583039	2018-11-24 14:41:29.583039	0b7a3159a24c2b03bcca030fc980f0dc	192.168.1.97
adrian	2018-11-24 14:11:30.081013	2018-11-24 14:41:30.081013	bc6ea776d38b296cc0e89e135ef3e6c5	192.168.1.97
adrian	2018-11-24 14:15:18.243951	2018-11-24 14:45:18.243951	49f44b18b9f5948684e8e91bdd0953d4	192.168.1.97
adrian	2018-11-24 14:15:30.864506	2018-11-24 14:45:30.864506	a638ef9e1d8d572b6810c0b224189fde	192.168.1.97
adrian	2018-11-24 14:15:41.314059	2018-11-24 14:45:41.314059	3ae61cbc71c89127a12c2fafe93bb209	192.168.1.97
adrian	2018-11-24 14:22:49.48848	2018-11-24 14:52:49.48848	cd738436ed6c3fa0cd8c50b560870dfd	192.168.1.97
adrian	2018-11-24 14:23:18.120016	2018-11-24 14:53:18.120016	d312ed5a9992c45f3bba39a24edaac54	192.168.1.97
adrian	2018-11-24 14:26:01.543075	2018-11-24 14:56:01.543075	4f71ade0a54cd5344effe636ab9078f6	192.168.1.97
adrian	2018-11-24 14:28:07.349146	2018-11-24 14:58:07.349146	eec3c91e6c548293072a29e516a3304b	192.168.1.97
adrian	2018-11-24 14:34:23.649276	2018-11-24 15:04:23.649276	924a5cc9c8e3ec2c60e17e8e403604d5	192.168.1.97
adrian	2018-11-24 14:39:41.068326	2018-11-24 15:09:41.068326	8eeb1b7b91bbe9abc563b8129df1a9e9	192.168.1.97
adrian	2018-11-24 14:47:52.439731	2018-11-24 15:17:52.439731	afbe4c4e3f26f51b78f4d02e80f0bc63	192.168.1.97
adrian	2018-11-24 14:48:17.741242	2018-11-24 15:18:17.741242	dcbab41fb1b7f42395fd4cad8444842e	192.168.1.97
adrian	2018-11-24 14:50:01.464001	2018-11-24 15:20:01.464001	b9bd3990bae53e4050b8875b4983e967	192.168.1.97
adrian	2018-11-24 14:51:41.07591	2018-11-24 15:21:41.07591	56e32f20753951be57ef5563b60e3fe8	192.168.1.97
adrian	2018-11-24 14:54:37.773016	2018-11-24 15:24:37.773016	09b59295d2bd6373cf5d7b7e8a4aae33	192.168.1.97
adrian	2018-11-24 14:56:13.31983	2018-11-24 15:26:13.31983	68f7bbd62234836f6d77ad0df4f55f4b	192.168.1.97
adrian	2018-11-24 15:00:33.974665	2018-11-24 15:30:33.974665	7495df656533a3c719117961ba3ae59f	192.168.1.97
adrian	2018-11-24 15:03:41.905749	2018-11-24 15:33:41.905749	316b26215af197f0786bdb03dfba6583	192.168.1.97
adrian	2018-11-24 15:04:05.430557	2018-11-24 15:34:05.430557	0a714a7484e55b2726c80bc035504f71	192.168.1.97
adrian	2018-11-24 15:04:13.06857	2018-11-24 15:34:13.06857	da7d948e68e057e322ff48a9b27c30a8	192.168.1.97
adrian	2018-11-25 22:08:42.693319	2018-11-25 22:38:42.693319	4e6140de6876f7ce8ad07a24a4dd2efe	192.168.100.16
adrian	2018-11-25 22:09:28.658624	2018-11-25 22:39:28.658624	d42487129d9cbadec0d79ffaa806bf1b	192.168.100.16
adrian	2018-11-25 22:10:02.284032	2018-11-25 22:40:02.284032	b4df24e5fea2f41e90450ae7062f3f40	192.168.100.16
adrian	2018-11-25 23:43:38.786752	2018-11-26 00:13:38.786752	1672a602fa748085882c34a6bd4a8628	127.0.0.1
adrian	2018-11-25 23:49:50.992596	2018-11-26 00:19:50.992596	aab36e48f931947eba216ea9c067e46e	127.0.0.1
adrian	2018-11-26 00:13:41.846953	2018-11-26 00:43:41.846953	25fd6922eefeb30db7927cb38ed2e6af	192.168.100.16
adrian	2018-11-26 00:16:05.647845	2018-11-26 00:46:05.647845	72a707366cb1faeaa33bc1089014ce3b	192.168.100.16
adrian	2018-11-26 00:18:23.006242	2018-11-26 00:48:23.006242	2ebda190f1a13f865e2d402b498df176	192.168.100.16
adrian	2018-11-26 00:20:43.244274	2018-11-26 00:50:43.244274	e2cca96ed17cbfd49447908819ce343c	192.168.100.16
adrian	2018-11-26 00:23:12.205287	2018-11-26 00:53:12.205287	acabbdff87a8a57b83ba6b675d72f8da	192.168.100.16
adrian	2018-11-26 00:25:44.116941	2018-11-26 00:55:44.116941	cf0270aee4b8b3fbf9a5737634190c6f	192.168.100.16
adrian	2018-11-26 00:28:26.66794	2018-11-26 00:58:26.66794	9cfc1f34d838e554e7476f417cd67262	192.168.100.16
adrian	2018-11-26 00:33:12.291165	2018-11-26 01:03:12.291165	9bce7d900b43d7c4c0beabea23a98342	192.168.100.16
adrian	2018-11-26 00:35:49.325233	2018-11-26 01:05:49.325233	bf555f494c9ff60dbd1ab6b7d516baa3	192.168.100.16
adrian	2018-11-26 00:39:16.286575	2018-11-26 01:09:16.286575	c3f00cd5d8b0c8de367d551ba75657bc	192.168.100.16
adrian	2018-11-26 00:42:40.185009	2018-11-26 01:12:40.185009	bf337c1545268624f0560e8029b4b18d	192.168.100.16
adrian	2018-11-26 00:43:47.899966	2018-11-26 01:13:47.899966	41150a42adfe69dfeea6eba4e692891f	192.168.100.16
adrian	2018-11-26 00:46:20.470526	2018-11-26 01:16:20.470526	103d1828a57baca40cb59194e258e737	192.168.100.16
adrian	2018-11-26 00:48:50.741967	2018-11-26 01:18:50.741967	ed79cc4b2f52ab8c1a3f176b0f1388bc	192.168.100.16
adrian	2018-11-26 00:51:07.606362	2018-11-26 01:21:07.606362	84164769df6eee7b960184b33ef4b073	192.168.100.16
adrian	2018-11-26 00:55:21.350107	2018-11-26 01:25:21.350107	ecf24645658fe8ba9e26600b6b4d668f	192.168.100.16
adrian	2018-11-26 00:57:14.190769	2018-11-26 01:27:14.190769	bcc9bfc86dbc5de2f4d95c06bd26daaa	192.168.100.16
adrian	2018-11-26 01:04:39.752984	2018-11-26 01:34:39.752984	06e161bd9d7949093884d1e6a54ab0b6	192.168.100.16
adrian	2018-11-26 01:12:31.44473	2018-11-26 01:42:31.44473	f86e3e7f1d2cc004ebb5641e39fadd2e	192.168.100.16
adrian	2018-11-26 01:15:27.568041	2018-11-26 01:45:27.568041	ee52704eb30a5f8acf7f39acc0ad727f	192.168.100.16
adrian	2018-11-26 01:17:50.830261	2018-11-26 01:47:50.830261	a06cbd9a5a3d18e88a3159966ca130f3	192.168.100.16
adrian	2018-11-26 01:21:02.923171	2018-11-26 01:51:02.923171	7536dbca04ffd6358a34cc5a031fb9b2	192.168.100.16
adrian	2018-11-26 01:23:53.98191	2018-11-26 01:53:53.98191	855a1024f8b6022456e290b0b9a53317	192.168.100.16
adrian	2018-11-26 01:25:29.463549	2018-11-26 01:55:29.463549	7a3511543db17fe588461bc6c18004d8	192.168.100.16
adrian	2018-11-26 01:27:55.8948	2018-11-26 01:57:55.8948	11e3aa08630d753a5cf0c9a9c197a5cf	192.168.100.16
adrian	2018-11-26 01:29:49.807995	2018-11-26 01:59:49.807995	33003fdaf725b889f3724c3a398914d3	192.168.100.16
adrian	2018-11-26 01:31:29.875968	2018-11-26 02:01:29.875968	d7ffb79b12e554366a78024cc6afaa60	192.168.100.16
adrian	2018-11-26 01:33:15.115409	2018-11-26 02:03:15.115409	5c9696cd5cbde5e8eabe50df98205f36	192.168.100.16
adrian	2018-11-26 01:34:49.338937	2018-11-26 02:04:49.338937	4431b45b3e081341fac7f0930e486d02	192.168.100.16
adrian	2018-11-26 01:37:35.278056	2018-11-26 02:07:35.278056	bfbd0a2cf3e2011ee57627befba923f2	192.168.100.16
adrian	2018-11-26 01:39:47.924467	2018-11-26 02:09:47.924467	47499b5c688ab90119711d15970d1eda	192.168.100.16
adrian	2018-11-26 01:42:17.788082	2018-11-26 02:12:17.788082	cd7cae03938a138888806ebc17c5877a	192.168.100.16
adrian	2018-11-26 01:45:01.49875	2018-11-26 02:15:01.49875	0fb99ff7bfd93f1a913f706461979ec9	192.168.100.16
adrian	2018-11-26 01:49:01.535676	2018-11-26 02:19:01.535676	a8c3cc2e5f7eea01c7a799c5526a29a6	192.168.100.16
adrian	2018-11-26 01:51:21.118164	2018-11-26 02:21:21.118164	fb11b707bd16ad24cff381d082f72bf5	192.168.100.16
adrian	2018-11-26 01:56:16.958207	2018-11-26 02:26:16.958207	89f7a2c9efa655d92109731d554e6199	192.168.100.16
adrian	2018-11-26 02:01:29.314129	2018-11-26 02:31:29.314129	029e0801ab2355e18d333b0e6cf61594	192.168.100.16
adrian	2018-11-26 02:04:03.327745	2018-11-26 02:34:03.327745	5100dc05f97291ee58d3b4dd5f2bc083	192.168.100.16
adrian	2018-11-26 02:11:16.89417	2018-11-26 02:41:16.89417	e6015fb9dbace78f9441f4f3647c44ea	192.168.100.16
adrian	2018-11-26 02:13:56.951428	2018-11-26 02:43:56.951428	9a9f50ba412e46f9f27a7efe2ea66ec2	192.168.100.16
adrian	2018-11-26 02:15:59.507559	2018-11-26 02:45:59.507559	82fcec407ce59e6354a4daabe1d18c3f	192.168.100.16
adriansito	2018-11-26 02:16:50.67882	2018-11-26 02:46:50.67882	c15b4e4db1deac55caacb88cc92a7baa	192.168.100.16
adriansito	2018-11-26 02:23:17.03246	2018-11-26 02:53:17.03246	019d5601f91e88758a124d12b3456be7	192.168.100.16
adriansito	2018-11-26 02:23:34.738455	2018-11-26 02:53:34.738455	1f0edea0030fc6ef7743a2b069fb9a1b	192.168.100.16
adriansito	2018-11-26 09:35:40.025424	2018-11-26 10:05:40.025424	93f4f291d5b207199a19a7e19823efb1	192.168.43.1
adriansito	2018-11-26 09:43:37.853911	2018-11-26 10:13:37.853911	af39e4d3dc877cc080e74db64e36c0a1	192.168.43.1
adriansito	2018-11-27 13:15:18.816268	2018-11-27 13:45:18.816268	6ac691611d8c8d8355959e82f9379092	127.0.0.1
adriansito	2018-11-27 13:28:45.893956	2018-11-27 13:58:45.893956	55fba122805293859d7c5bf672915af6	192.168.100.16
adriansito	2018-11-27 14:05:59.110543	2018-11-27 14:35:59.110543	7e5c6186ab15ca565165c5d07bf70752	192.168.100.16
adriansito	2018-11-27 14:12:43.301252	2018-11-27 14:42:43.301252	b8c297d365dfcb910093fd76b5d1de70	192.168.100.16
adriansito	2018-11-27 14:17:43.454991	2018-11-27 14:47:43.454991	628db1a90a9e076ec5a089875d2527fb	192.168.100.16
adriansito	2018-11-27 14:29:02.930587	2018-11-27 14:59:02.930587	fe67b86885a6d47a15889961d9e03f68	192.168.100.16
adriansito	2018-11-27 14:42:33.398034	2018-11-27 15:12:33.398034	98aaedc448041bb021fac7c8f576f37d	192.168.100.16
adriansito	2018-11-27 14:46:41.792288	2018-11-27 15:16:41.792288	2790d617d798e0157660061ff4ee678b	192.168.100.16
adriansito	2018-11-27 14:49:22.521227	2018-11-27 15:19:22.521227	a988454c2890e5127667d4b9dbcd20ed	192.168.100.16
adriansito	2018-11-27 14:51:21.578162	2018-11-27 15:21:21.578162	ef5b9fe0e5a8c67e16c3eaad5a495e02	192.168.100.16
adriansito	2018-11-27 14:53:11.30184	2018-11-27 15:23:11.30184	583c74182836d48b6472701333d80c11	192.168.100.16
adriansito	2018-11-27 14:59:58.37917	2018-11-27 15:29:58.37917	84bb8bb69a71a3ec66e679726c0280ad	192.168.100.16
adriansito	2018-11-27 15:09:54.418216	2018-11-27 15:39:54.418216	340df06ffe3db902e6d099777a0c2c47	192.168.100.16
adriansito	2018-11-27 15:19:10.28968	2018-11-27 15:49:10.28968	804635fb786594b1cb496efadbc8728f	192.168.100.16
adriansito	2018-11-27 15:27:53.314419	2018-11-27 15:57:53.314419	4a030f4a991a5b3b28d356cd7f85f724	192.168.100.16
adriansito	2018-11-27 15:41:48.783072	2018-11-27 16:11:48.783072	ad39e8e3bedda8b717a904b6c91f2789	192.168.100.16
adriansito	2018-11-27 15:54:23.631909	2018-11-27 16:24:23.631909	7b210d776e8e038c87d59ce7fb7e387e	192.168.100.16
adriansito	2018-11-27 15:55:53.673877	2018-11-27 16:25:53.673877	43c3106d79ba6c1547385abc7374e69e	192.168.100.16
adriansito	2018-11-27 15:56:19.451687	2018-11-27 16:26:19.451687	6de158c9ee9973f9d50d2297c8d46f9f	192.168.100.16
adriansito	2018-11-27 15:57:42.787038	2018-11-27 16:27:42.787038	af46c7d329769eac5537343eb7d0c8dc	192.168.100.16
adriansito	2018-11-27 15:58:25.44689	2018-11-27 16:28:25.44689	e6a0b15bd48c7166658a0ccf1f6cc0d4	192.168.100.16
adriansito	2018-11-27 18:04:02.246965	2018-11-27 18:34:02.246965	c5129dd5cd75ec746e22a5db1d2d47ca	192.168.100.16
adriansito	2018-11-27 18:16:12.29175	2018-11-27 18:46:12.29175	b25bee2f9d226ae645f9316f6430b98c	192.168.100.16
adriansito	2018-11-27 18:51:05.085954	2018-11-27 19:21:05.085954	80ba51d4e478687ca5c3874e92366696	192.168.100.16
adriansito	2018-11-27 18:57:45.806124	2018-11-27 19:27:45.806124	8215bd974dcebbf0f393fc393e34593f	192.168.100.16
adriansito	2018-11-27 18:59:51.906124	2018-11-27 19:29:51.906124	244cdd590d793f5034a964da9789738f	192.168.100.16
adriansito	2018-11-27 19:07:51.67885	2018-11-27 19:37:51.67885	d7bf334eb5a69fe0505034f015386d29	192.168.100.16
adriansito	2018-11-27 19:11:06.646591	2018-11-27 19:41:06.646591	cd47e2223ebdf736c0dbc0351c711d59	192.168.100.16
adriansito	2018-11-27 19:16:02.905351	2018-11-27 19:46:02.905351	0a3aa60b9dfe2c2e10e679bffff6b84e	192.168.100.16
adriansito	2018-11-27 19:18:22.906162	2018-11-27 19:48:22.906162	886c1bccf88f75ad58975aefc5ba3806	192.168.100.16
adriansito	2018-11-27 19:20:58.313454	2018-11-27 19:50:58.313454	dfc0c465b66a0d3d699d3618cd1aeb22	192.168.100.16
adriansito	2018-11-27 19:24:21.847835	2018-11-27 19:54:21.847835	64cddf38e02d6108be491cfec010eb12	192.168.100.16
adriansito	2018-11-27 19:28:34.912153	2018-11-27 19:58:34.912153	a4a9ecc24b3f1dc16f637f86532c6bbd	192.168.100.16
adriansito	2018-11-27 19:38:32.867074	2018-11-27 20:08:32.867074	490583487c7eb3e3fdac327d5e06eaeb	192.168.100.16
adriansito	2018-11-27 20:15:52.34686	2018-11-27 20:45:52.34686	8fe9cd3134a8ebcb4934a78686a29693	192.168.100.16
adriansito	2018-11-27 20:19:20.017997	2018-11-27 20:49:20.017997	cebdb18a7d37a015f38651ae16e75213	192.168.100.16
adriansito	2018-11-27 20:30:45.893831	2018-11-27 21:00:45.893831	d24774c2f9fbe3b0d1a51ed2b0f59306	192.168.100.16
adriansito	2018-11-27 20:39:34.3804	2018-11-27 21:09:34.3804	d83de3aaf4bdb16328397506689a3f6b	192.168.100.16
adriansito	2018-11-27 20:52:03.852482	2018-11-27 21:22:03.852482	560f0452d17ddeff149d3cc39add3599	127.0.0.1
adriansito	2018-11-27 21:16:06.808755	2018-11-27 21:46:06.808755	c8fe1700a0fb1e1c4cd2394c85ddfa68	192.168.100.16
adriansito	2018-11-27 21:19:18.572418	2018-11-27 21:49:18.572418	b9b76029e7dfbb34ed10d6f5850ae5ea	192.168.100.16
adriansito	2018-11-27 21:21:58.149148	2018-11-27 21:51:58.149148	2bcc6ad14a8b3fe7c6fa737a595e16cb	127.0.0.1
adriansito	2018-11-27 21:22:40.05322	2018-11-27 21:52:40.05322	8ded1486b1d2e6fc25b313717db2bde5	192.168.100.16
adriansito	2018-11-27 21:29:09.299046	2018-11-27 21:59:09.299046	7e65b27a497ed6e14128fb867e0aa40f	192.168.100.16
adriansito	2018-11-27 21:29:57.695337	2018-11-27 21:59:57.695337	bab09b9c6a34f59a77277d97b93516e1	192.168.100.16
adriansito	2018-11-27 21:30:11.802897	2018-11-27 22:00:11.802897	b01ed2c3ffd4aa70ead3aee1a4702712	192.168.100.16
adriansito	2018-11-27 22:04:45.841951	2018-11-27 22:34:45.841951	ed525af1e88784756723ce9aabe5476b	192.168.100.16
adriansito	2018-11-27 22:08:56.730071	2018-11-27 22:38:56.730071	95628cf43ec065078740e9ba38ac7bf5	192.168.100.16
adriansito	2018-11-27 22:11:03.435498	2018-11-27 22:41:03.435498	a90108d8f38c52ed7d2d8375db7bccd5	192.168.100.16
\.


--
-- Data for Name: career; Type: TABLE DATA; Schema: public; Owner: sii_admin
--

COPY public.career (idcareer, name, iddepartment) FROM stdin;
1	ING. AMBIENTAL	\N
2	ING. BIOQUIMICA	\N
3	ING. GESTION EMPRESARIAL	\N
4	ING. INDUSTRIAL	\N
5	ING. ELECTRONICA	\N
6	ING. MECANICA	\N
7	ING. MECATRONICA	\N
8	ING. QUIMICA	\N
9	ING. SISTEMAS COMPUTACIONALES	\N
10	LIC. EN ADMINISTRACION	\N
\.


--
-- Data for Name: department; Type: TABLE DATA; Schema: public; Owner: sii_admin
--

COPY public.department (iddepartment, idteacher, description, idcareer) FROM stdin;
\.


--
-- Data for Name: groups; Type: TABLE DATA; Schema: public; Owner: sii_admin
--

COPY public.groups (idgroup, keymatter, idteacher) FROM stdin;
1	2	2
2	1	1
3	4	1
4	4	2
5	3	3
6	7	3
7	3	3
8	10	1
9	10	1
10	11	2
11	4	2
12	15	3
13	15	1
14	12	1
\.


--
-- Name: id_student_seq; Type: SEQUENCE SET; Schema: public; Owner: sii_admin
--

SELECT pg_catalog.setval('public.id_student_seq', 13, true);


--
-- Data for Name: kardex; Type: TABLE DATA; Schema: public; Owner: sii_admin
--

COPY public.kardex (idoportunity, keymatter, idstudent, qualification, semester) FROM stdin;
1	2	8	78	3
1	5	8	58	4
2	5	8	88	5
1	1	8	74	1
1	3	8	77	2
1	4	8	70	3
1	6	8	70	4
\.


--
-- Data for Name: lista; Type: TABLE DATA; Schema: public; Owner: sii_admin
--

COPY public.lista (idstudent, idgroup, period, calificacion1, calificacion2, calificacion3, calificacion4, promedio) FROM stdin;
8	3	Agosto-Diciembre	78	44	90	70	70
8	10	Agosto-Diciembre	78	44	90	70	70
8	4	Agosto-Diciembre	78	44	90	70	70
8	8	Agosto-Diciembre	78	44	90	70	70
8	12	Agosto-Diciembre	78	44	90	70	70
8	2	Agosto-Diciembre	73	44	90	70	70
\.


--
-- Data for Name: matter; Type: TABLE DATA; Schema: public; Owner: sii_admin
--

COPY public.matter (keymatter, name) FROM stdin;
1	Calculo integral
2	Calculo Diferencial
3	Fundamentos de bases de datos
4	Topicos avanzados de programacion movil
5	Topicos avanzados de programacion web
6	Topicos avanzados de bases de datos
7	Programacion web
8	Estructura de datos
9	Sistemas operativos
10	Redes
11	Arquitectura de computadora
12	Fisica
13	Taller de investigacion
14	Inteligencia artificial
15	Desarrollos inteligentes
16	Conmutacion
17	Graficacion
\.


--
-- Data for Name: oportunity; Type: TABLE DATA; Schema: public; Owner: sii_admin
--

COPY public.oportunity (idoportunity, description) FROM stdin;
1	1. Ordinario
2	2. Repeticin
3	2. Especial
\.


--
-- Data for Name: student; Type: TABLE DATA; Schema: public; Owner: sii_admin
--

COPY public.student (idstudent, name, father_lastname, mother_lastname, email, nocontrol, idcareer, image) FROM stdin;
1	SERGIO ISRAEL	MORENO	CASILLAS	14030625@ITCELAYA.EDU.MX	14030625	9	\N
2	SUSANA GUADALUPE	ROJAS	SERRANO	14030626@ITCELAYA.EDU.MX	14030626	9	\N
3	CESAR VALENTIN	LOPEZ	CAZARES	14030627@ITCELAYA.EDU.MX	14030627	9	\N
4	NAYELI MELISSA	RAMIREZ	CAZARES	14030627@ITCELAYA.EDU.MX	14030627	9	\N
5	JUAN JESUS	PADRON	DIAZ	14030628@ITCELAYA.EDU.MX	14030628	9	\N
6	KARLA	GONZALEZ	MALDONADO	15030725@ITCELAYA.EDU.MX	15030725	7	\N
7	Luisss ADRIAN	RODRIGUEZ	RODRIGUEZ	14030714@ITCELAYA.EDU.MX	14030714	9	\N
13	RUBEN	TORRES	FRIAS	14030723@ITCELAYA.EDU.MX	14030723	9	\N
8	ADRIAN	RODRIGUEZ	RODRIGUEZ	14030714@ITCELAYA.EDU.MX	14030714	9	https://scontent.fmex4-2.fna.fbcdn.net/v/t1.0-9/17498779_10208252041802003_6876695080786760196_n.jpg?_nc_cat=104&_nc_ht=scontent.fmex4-2.fna&oh=dc5c3a1535816082f873b4f4f790aadf&oe=5C83ACE0
\.


--
-- Data for Name: teacher; Type: TABLE DATA; Schema: public; Owner: sii_admin
--

COPY public.teacher (idteacher, name, father_lastname, mother_lastname, email, nocontrol, iddepartment) FROM stdin;
1	Luislao	Lopez	Gonzalez	luislao@mail.com	1234567 	\N
2	Ruben	Torres	Frias	ruben@mail.com	12342367	\N
3	Jose Jesus	Sanchez	Farias	jesus@mail.com	12342367	\N
\.


--
-- Data for Name: users; Type: TABLE DATA; Schema: public; Owner: sii_admin
--

COPY public.users (iduser, username, password, id_student) FROM stdin;
1	adriansito	7ab0e1a2e8cf73f77d7f3a0c40f87e2f	8
\.


--
-- Name: career_pkey; Type: CONSTRAINT; Schema: public; Owner: sii_admin
--

ALTER TABLE ONLY public.career
    ADD CONSTRAINT career_pkey PRIMARY KEY (idcareer);


--
-- Name: listapk; Type: CONSTRAINT; Schema: public; Owner: sii_admin
--

ALTER TABLE ONLY public.lista
    ADD CONSTRAINT listapk PRIMARY KEY (idstudent, idgroup, period);


--
-- Name: matter_pkey; Type: CONSTRAINT; Schema: public; Owner: sii_admin
--

ALTER TABLE ONLY public.matter
    ADD CONSTRAINT matter_pkey PRIMARY KEY (keymatter);


--
-- Name: oportunity_pkey; Type: CONSTRAINT; Schema: public; Owner: sii_admin
--

ALTER TABLE ONLY public.oportunity
    ADD CONSTRAINT oportunity_pkey PRIMARY KEY (idoportunity);


--
-- Name: pkdepartment; Type: CONSTRAINT; Schema: public; Owner: sii_admin
--

ALTER TABLE ONLY public.department
    ADD CONSTRAINT pkdepartment PRIMARY KEY (iddepartment);


--
-- Name: pkgroup; Type: CONSTRAINT; Schema: public; Owner: sii_admin
--

ALTER TABLE ONLY public.groups
    ADD CONSTRAINT pkgroup PRIMARY KEY (idgroup);


--
-- Name: pkoportunity; Type: CONSTRAINT; Schema: public; Owner: sii_admin
--

ALTER TABLE ONLY public.kardex
    ADD CONSTRAINT pkoportunity PRIMARY KEY (idoportunity, keymatter, idstudent, semester, qualification);


--
-- Name: student_pkey; Type: CONSTRAINT; Schema: public; Owner: sii_admin
--

ALTER TABLE ONLY public.student
    ADD CONSTRAINT student_pkey PRIMARY KEY (idstudent);


--
-- Name: teacher_pkey; Type: CONSTRAINT; Schema: public; Owner: sii_admin
--

ALTER TABLE ONLY public.teacher
    ADD CONSTRAINT teacher_pkey PRIMARY KEY (idteacher);


--
-- Name: users_pkey; Type: CONSTRAINT; Schema: public; Owner: sii_admin
--

ALTER TABLE ONLY public.users
    ADD CONSTRAINT users_pkey PRIMARY KEY (iduser);


--
-- Name: fkcareer; Type: FK CONSTRAINT; Schema: public; Owner: sii_admin
--

ALTER TABLE ONLY public.student
    ADD CONSTRAINT fkcareer FOREIGN KEY (idcareer) REFERENCES public.career(idcareer);


--
-- Name: fkcareer; Type: FK CONSTRAINT; Schema: public; Owner: sii_admin
--

ALTER TABLE ONLY public.department
    ADD CONSTRAINT fkcareer FOREIGN KEY (idcareer) REFERENCES public.career(idcareer);


--
-- Name: fkgroup; Type: FK CONSTRAINT; Schema: public; Owner: sii_admin
--

ALTER TABLE ONLY public.lista
    ADD CONSTRAINT fkgroup FOREIGN KEY (idgroup) REFERENCES public.groups(idgroup);


--
-- Name: fkkeymatter; Type: FK CONSTRAINT; Schema: public; Owner: sii_admin
--

ALTER TABLE ONLY public.kardex
    ADD CONSTRAINT fkkeymatter FOREIGN KEY (keymatter) REFERENCES public.matter(keymatter);


--
-- Name: fkmatter; Type: FK CONSTRAINT; Schema: public; Owner: sii_admin
--

ALTER TABLE ONLY public.groups
    ADD CONSTRAINT fkmatter FOREIGN KEY (keymatter) REFERENCES public.matter(keymatter);


--
-- Name: fkoportunity; Type: FK CONSTRAINT; Schema: public; Owner: sii_admin
--

ALTER TABLE ONLY public.kardex
    ADD CONSTRAINT fkoportunity FOREIGN KEY (idoportunity) REFERENCES public.oportunity(idoportunity);


--
-- Name: fkstudent; Type: FK CONSTRAINT; Schema: public; Owner: sii_admin
--

ALTER TABLE ONLY public.kardex
    ADD CONSTRAINT fkstudent FOREIGN KEY (idstudent) REFERENCES public.student(idstudent);


--
-- Name: fkstudent; Type: FK CONSTRAINT; Schema: public; Owner: sii_admin
--

ALTER TABLE ONLY public.lista
    ADD CONSTRAINT fkstudent FOREIGN KEY (idstudent) REFERENCES public.student(idstudent);


--
-- Name: fkteacher; Type: FK CONSTRAINT; Schema: public; Owner: sii_admin
--

ALTER TABLE ONLY public.department
    ADD CONSTRAINT fkteacher FOREIGN KEY (idteacher) REFERENCES public.teacher(idteacher);


--
-- Name: fkteacher; Type: FK CONSTRAINT; Schema: public; Owner: sii_admin
--

ALTER TABLE ONLY public.groups
    ADD CONSTRAINT fkteacher FOREIGN KEY (idteacher) REFERENCES public.teacher(idteacher);


--
-- Name: student_fk; Type: FK CONSTRAINT; Schema: public; Owner: sii_admin
--

ALTER TABLE ONLY public.users
    ADD CONSTRAINT student_fk FOREIGN KEY (id_student) REFERENCES public.student(idstudent);


--
-- Name: SCHEMA public; Type: ACL; Schema: -; Owner: postgres
--

REVOKE ALL ON SCHEMA public FROM PUBLIC;
REVOKE ALL ON SCHEMA public FROM postgres;
GRANT ALL ON SCHEMA public TO postgres;
GRANT ALL ON SCHEMA public TO PUBLIC;


--
-- PostgreSQL database dump complete
--

